<?xml version="1.0" encoding="UTF-8" standalone="yes"?>
<addon id="repository.playmax" name="PlayMax" version="1.0.3" provider-name="PlayMax">
	<extension point="xbmc.addon.repository" name="PlayMax">
		<info compressed="false">http://zeritv.com/playmax/addons.xml</info>
		<checksum>http://zeritv.com/playmax/addons.xml.md5</checksum>
		<datadir zip="true">http://zeritv.com/playmax/</datadir>
		<dir>
			<info compressed="false">https://raw.githubusercontent.com/jsergio123/zips/master/addons.xml</info>
			<checksum>https://raw.githubusercontent.com/jsergio123/zips/master/addons.xml.md5</checksum>
			<datadir zip="true">https://raw.githubusercontent.com/jsergio123/zips/master/</datadir>
		</dir>	
	</extension>
	<extension point="xbmc.addon.metadata">
		<summary>Install Play Max ADD-ONs to watch Indian TV Content</summary>
		<description>Enjoy access to Indian Live TV.</description>
		<disclaimer>The video add-ons hosted by my XBMC add-ons repository(playmax) makes no warranties, expressed or implied, and hereby disclaims and negates all other warranties, including without limitation, implied warranties or conditions of merchantability, fitness for a particular purpose, or non-infringement of intellectual property or other violation of rights. Further, video add-ons don't warrant or make any representations concerning the accuracy, likely results, or reliability of the use of the materials on the Internet web site where from data is retrieved or otherwise relating to such materials or on any sites linked to this addon. Videos are streamed directly from video-hosting websites that are having full rights to remove such access to video if required. These add-ons access website contents like a normal web browser and show content to users.</disclaimer>
		<platform>all</platform>
	</extension>
</addon>
